step,lr,train_loss,train_acc,test_loss,test_acc
0,0.0001,4.982881924500737,0.008877284595300261,4.970373203710403,0.009397024275646046
100,0.001,0.5284607173563342,0.9577023498694517,11.41499602889364,0.011858149681172391
200,0.001,0.0172663187254794,1.0,16.701533925057337,0.016892269828839915
300,0.001,0.005106961127090047,1.0,18.199621584594354,0.01957713390759593
400,0.001,0.16377223375503935,0.9963446475195822,12.607360442731263,0.022821344669426112
500,0.001,0.05558572807830955,1.0,12.043678820267868,0.026065555431256292
600,0.001,0.01794261985556905,1.0,14.04080650770309,0.028638550173397472
700,0.001,0.005577889650515199,1.0,16.013518783578828,0.03143528358876832
800,0.001,0.001748925556376494,1.0,17.898454627093457,0.03490323302382817
900,0.001,0.0005574603575609526,1.0,19.6858428529195,0.03781183577581385
1000,0.001,0.00018038950108831771,1.0,21.402773434401112,0.039042398478577024
1100,0.001,0.03806647511842165,1.0,13.917860658918208,0.04676138270500056
1200,0.001,0.03166591525415921,1.0,11.619240142530487,0.04810381474437857
1300,0.001,0.011390861009101612,1.0,13.305017952641608,0.04966998545698624
1400,0.001,0.0037226368150830485,1.0,15.088926970505662,0.051012417496364246
1500,0.001,0.001209120432425142,1.0,16.820470990823342,0.054032889584964765
1600,0.001,0.0003962397450930515,1.0,18.47139308131157,0.05750083902002461
1700,0.001,0.045932288179495157,1.0,12.509122492908954,0.059626356415706454
1800,0.001,0.028823204501764958,1.0,10.94471760246574,0.06645038594921132
1900,0.001,0.010129220410598458,1.0,12.473628191897602,0.0683521646716635
2000,0.001,0.003336965895630232,1.0,14.089176339320812,0.0683521646716635
2100,0.001,0.0010947168747840207,1.0,15.671651937870447,0.07025394339411567
2200,0.001,1.065695914169432,0.7684073107049608,17.32295438593389,0.05604653764403177
2300,0.001,0.0358730762050322,1.0,9.9401829767946,0.08021031435283589
2400,0.001,0.01326281624867545,1.0,11.197337479816111,0.08088153037252489
2500,0.001,0.004372087700319683,1.0,12.650306516576112,0.08434947980758474
2600,0.001,0.0014343673167028848,1.0,14.099396284898367,0.08736995189618525
2700,0.001,0.05270354581792286,0.9997389033942559,10.318535896916469,0.09094977066785995
2800,0.001,0.0243749644238868,1.0,9.60124942775065,0.10068240295335049
2900,0.001,0.00835191313801919,1.0,10.83555802424822,0.10124174963642465
3000,0.001,0.0027435017033479617,1.0,12.12357301457419,0.10247231233918783
3100,0.001,0.04053543343988796,1.0,9.874035549550667,0.10213670432934333
3200,0.001,0.014776393197267104,1.0,9.1251247293911,0.11645597941604206
3300,0.001,0.005014093379168661,1.0,10.185570209061426,0.11992392885110191
3400,0.001,0.0016488495496959057,1.0,11.23879825523078,0.12473431032553978
3500,0.001,0.0005421924332775314,1.0,12.234402125239011,0.1287616064436738
3600,0.001,0.03372740211263655,1.0,7.215337996095657,0.14677256963866203
3700,0.001,0.015384085783344693,1.0,7.581837349617228,0.15437968452847076
3800,0.001,0.00507499198720475,1.0,8.341682208797923,0.16086810605213112
3900,0.001,0.0016538181156984751,1.0,9.094573159179445,0.171048215684081
4000,0.001,0.0005419388788457227,1.0,9.797166992164708,0.17876719991050452
4100,0.001,0.00017940572108010483,1.0,10.45514749112857,0.18503188276093524
4200,0.001,0.03798355925733069,1.0,5.69761834319394,0.1984562031547153
4300,0.001,0.02384527001510268,1.0,5.46092982036513,0.20785322743036133
4400,0.001,0.007969269450953526,1.0,5.881505404621811,0.22049446246783758
4500,0.001,0.0025623343361978,1.0,6.333269727473836,0.23436626020807697
4600,0.001,0.0008267311969798072,1.0,6.74847928997427,0.24723123391878288
4700,0.001,0.00026916005455558873,1.0,7.097728433348375,0.2622217250251706
4800,0.001,8.855201845219981e-05,1.0,7.368928929717522,0.2750866987358765
4900,0.001,2.9435170751215127e-05,1.0,7.556779739548323,0.2876160644367379
5000,0.001,0.017706886685657255,1.0,4.385135932264761,0.29220270723794606
5100,0.001,0.016143799099186885,1.0,3.55742347733567,0.3292314576574561
5200,0.001,0.005436908607211353,1.0,3.436672755319706,0.3714061975612485
5300,0.001,0.00173316620674634,1.0,3.1902144252101348,0.4187269269493232
5400,0.001,0.0005455544235636532,1.0,2.7023635910848114,0.4846179662154603
5500,0.001,0.00016972683852127632,1.0,1.9730236089097846,0.5948092627810717
5600,0.001,5.1782798605318966e-05,1.0,1.152907062729778,0.7334153708468509
5700,0.001,1.5478871014655336e-05,1.0,0.49970932607400587,0.8694484841704889
5800,0.001,4.589193188656086e-06,1.0,0.1539246487073286,0.9527911399485401
5900,0.001,1.3991776793269707e-06,1.0,0.04193996501601416,0.9855688555766865
6000,0.001,4.6311243183016206e-07,1.0,0.012753309208592195,0.9956370958720215
6100,0.001,1.7505429211339246e-07,1.0,0.005629060775023048,0.9983219599507775
6200,0.001,0.8979833082684111,0.837597911227154,1.2278401718989675,0.7874482604318157
6300,0.001,0.02214549258970709,1.0,0.05838347316715032,0.9974270052578589
6400,0.001,0.011770996888426345,1.0,0.034100584445755554,0.9980982212775479
6500,0.001,0.0035040267026622235,1.0,0.014818388285360211,0.9989931759704666
6600,0.001,0.0010194750835896627,1.0,0.007069873132976112,0.9994406533169259
6700,0.001,0.00030473839051507404,1.0,0.0036543716979532876,0.9994406533169259
6800,0.001,9.421768510254931e-05,1.0,0.001931745264337329,0.9997762613267703
6900,0.001,2.998661230759922e-05,1.0,0.001107249586706704,0.9998881306633852
7000,0.001,9.754410061966393e-06,1.0,0.000671248897921183,0.9998881306633852
7100,0.001,3.2444687815376175e-06,1.0,0.00041223436473592965,1.0
7200,0.001,1.1144845405509673e-06,1.0,0.0002512784688682479,1.0
7300,0.001,4.0571518235274677e-07,1.0,0.00016940244120318385,1.0
7400,0.001,1.638022348081241e-07,1.0,0.00012434550578510048,1.0
7500,0.001,7.72865033109665e-08,1.0,9.57747139127231e-05,1.0
7600,0.001,4.4555001912688735e-08,1.0,7.108415761574855e-05,1.0
7700,0.001,3.169058037361592e-08,1.0,5.312382388704767e-05,1.0
7800,0.001,2.680669238641028e-08,1.0,4.3787595745329885e-05,1.0
7900,0.001,2.531628516383507e-08,1.0,4.157366978160677e-05,1.0
8000,0.001,2.516929735134043e-08,1.0,4.304699797323575e-05,1.0
8100,0.001,2.5528026033444885e-08,1.0,4.516849135824291e-05,1.0
8200,0.001,2.5886410253655652e-08,1.0,4.71906417711639e-05,1.0
8300,0.001,2.6139688946954222e-08,1.0,4.451290946062232e-05,1.0
8400,0.001,2.6283081533204084e-08,1.0,4.262545646594768e-05,1.0
8500,0.001,2.6375978133784844e-08,1.0,4.11818981841457e-05,1.0
8600,0.001,2.6416304363680912e-08,1.0,4.0073476146038925e-05,1.0
8700,0.001,2.645466846792968e-08,1.0,3.8943971241928804e-05,1.0
8800,0.001,2.6474058746881212e-08,1.0,3.819085700363081e-05,1.0
8900,0.001,2.6495062719651464e-08,1.0,3.882772088924127e-05,1.0
9000,0.001,2.6458070609697777e-08,1.0,3.828364825618201e-05,1.0
9100,0.001,2.6466731286690667e-08,1.0,3.837721143112118e-05,1.0
9200,0.001,2.6442444272545264e-08,1.0,4.050830806157452e-05,1.0
9300,0.001,2.6414745814413454e-08,1.0,4.059363006695502e-05,1.0
9400,0.001,2.640242891979588e-08,1.0,4.267208903155112e-05,1.0
9500,0.001,2.64055035049146e-08,1.0,4.3563657407866313e-05,1.0
9600,0.001,2.6414929464983275e-08,1.0,4.320214717308922e-05,1.0
9700,0.001,2.638762187540107e-08,1.0,4.664842898910093e-05,1.0
9800,0.001,2.6358712832114737e-08,1.0,4.962787067958182e-05,1.0
9900,0.001,2.6374000780926263e-08,1.0,4.576989502252005e-05,1.0
10000,0.001,2.6382920511025892e-08,1.0,5.0465306739871064e-05,1.0
10100,0.001,2.634592605107032e-08,1.0,4.6365908799025096e-05,1.0
10200,0.001,2.6310642079386682e-08,1.0,4.543749225623446e-05,1.0
10300,0.001,2.630003384970916e-08,1.0,4.899559240491133e-05,1.0
10400,0.001,2.6317666959505993e-08,1.0,4.731019805631977e-05,1.0
10500,0.001,2.6287867078760747e-08,1.0,5.256978077359497e-05,1.0
10600,0.001,2.6281353479841345e-08,1.0,5.2107404778187254e-05,1.0
10700,0.001,2.6262052058106428e-08,1.0,5.344327072956842e-05,1.0
10800,0.001,2.627644383343582e-08,1.0,5.7990003965440225e-05,1.0
10900,0.001,2.6246232501180147e-08,1.0,5.6213723858019944e-05,1.0
11000,0.001,2.6242682185772126e-08,1.0,6.040015053827784e-05,1.0
11100,0.001,2.624446458488919e-08,1.0,5.9682422680362996e-05,1.0
11200,0.001,2.624883683609501e-08,1.0,6.0820771497831885e-05,1.0
11300,0.001,2.6229708906719038e-08,1.0,6.248237830939614e-05,1.0
11400,0.001,2.6240115094006227e-08,1.0,7.210516391797118e-05,1.0
11500,0.001,2.6222837288149363e-08,1.0,6.709958590380438e-05,1.0
11600,0.001,2.621928479376732e-08,1.0,6.857252977159045e-05,1.0
11700,0.001,2.6203042653744505e-08,1.0,6.688707936431177e-05,1.0
11800,0.001,2.6175015396870917e-08,1.0,7.225934466040062e-05,1.0
11900,0.001,2.617887964108318e-08,1.0,7.24516657299117e-05,1.0
12000,0.001,2.6169672551738247e-08,1.0,7.646279380822663e-05,1.0
12100,0.001,2.6155739185268395e-08,1.0,7.540262093766448e-05,1.0
12200,0.001,2.6179470249866878e-08,1.0,8.044281711258903e-05,1.0
12300,0.001,2.6154145335802503e-08,1.0,7.916878918586673e-05,1.0
12400,0.001,2.616320572713644e-08,1.0,8.026782077016555e-05,1.0
12500,0.001,2.616898078236016e-08,1.0,8.430247323315437e-05,1.0
12600,0.001,2.615276257277879e-08,1.0,8.656944509138958e-05,1.0
12700,0.001,2.6189732888675905e-08,1.0,7.946995839693588e-05,1.0
12800,0.001,2.616501849949011e-08,1.0,8.68955524640438e-05,1.0
12900,0.001,2.6150417241357757e-08,1.0,8.145780624698853e-05,1.0
13000,0.001,2.6127257940615247e-08,1.0,8.320707149566151e-05,1.0
13100,0.001,2.6131404577260247e-08,1.0,9.218275027108333e-05,0.9998881306633852
13200,0.001,2.6103556473395515e-08,1.0,9.023881844341134e-05,1.0
13300,0.001,2.6126623200269408e-08,1.0,8.750890053536087e-05,1.0
13400,0.001,2.6111889476462905e-08,1.0,9.21606692318815e-05,0.9998881306633852
13500,0.001,2.6092588080041767e-08,1.0,9.435501837736689e-05,0.9998881306633852
13600,0.001,2.6129351947274543e-08,1.0,9.795872586157874e-05,0.9998881306633852
13700,0.001,2.6111366994805742e-08,1.0,9.513321641017389e-05,0.9998881306633852
13800,0.001,2.611820403948133e-08,1.0,9.638691423915417e-05,0.9998881306633852
13900,0.001,2.6118691617106987e-08,1.0,9.909126287215306e-05,0.9998881306633852
14000,0.001,2.610368272109263e-08,1.0,9.90313990787009e-05,0.9998881306633852
14100,0.001,2.609299555113467e-08,1.0,0.00010118417635705267,0.9998881306633852
14200,0.001,2.6089723659445624e-08,1.0,9.879300869986768e-05,0.9998881306633852
14300,0.001,2.6128410396508003e-08,1.0,0.00010272642393777196,0.9998881306633852
14400,0.001,2.6105801922242017e-08,1.0,0.00010977697895872008,0.9998881306633852
14500,0.001,2.6096161507234344e-08,1.0,0.00010301411057543794,0.9998881306633852
14600,0.001,2.6081461035401522e-08,1.0,0.00010697516788704088,0.9998881306633852
14700,0.001,2.6070530519826404e-08,1.0,0.00010834544003267292,0.9998881306633852
14800,0.001,2.606014775982668e-08,1.0,0.00010188366054637296,0.9998881306633852
14900,0.001,2.607851055135307e-08,1.0,9.959049461690786e-05,0.9998881306633852
15000,0.001,2.6073920714398133e-08,1.0,0.00010415294588269509,0.9998881306633852
15100,0.001,2.60887413222314e-08,1.0,0.00010453441637299865,0.9998881306633852
15200,0.001,2.607268450566928e-08,1.0,0.00010387096050194913,0.9998881306633852
15300,0.001,2.6081704405581818e-08,1.0,9.855850280960947e-05,0.9998881306633852
15400,0.001,2.610041143998297e-08,1.0,0.00010695916994538835,0.9998881306633852
15500,0.001,2.6068946431368988e-08,1.0,0.00010121545619528684,0.9998881306633852
15600,0.001,2.6037667879914698e-08,1.0,0.00010558535791878731,0.9998881306633852
15700,0.001,2.6022429959918713e-08,1.0,0.00010468408767150983,0.9998881306633852
15800,0.001,2.603634196885377e-08,1.0,0.00010693896067654023,0.9998881306633852
15900,0.001,2.6058399066758216e-08,1.0,0.0001086218915357792,0.9998881306633852
16000,0.001,2.608140877180117e-08,1.0,9.525974711646952e-05,0.9998881306633852
16100,0.001,2.6014830270669898e-08,1.0,0.00010499516471402257,0.9998881306633852
16200,0.001,2.6027137333415458e-08,1.0,9.79554076784219e-05,0.9998881306633852
16300,0.001,2.6066404229613483e-08,1.0,0.00010433197282324156,0.9998881306633852
16400,0.001,2.6040295698388487e-08,1.0,9.756274669084595e-05,0.9998881306633852
16500,0.001,2.6004756672807348e-08,1.0,9.515651046412783e-05,0.9998881306633852
16600,0.001,2.606104465139706e-08,1.0,8.929224395961373e-05,1.0
16700,0.001,2.6013861253641934e-08,1.0,9.622608583747388e-05,0.9998881306633852
16800,0.001,2.607539722765485e-08,1.0,9.181507804279234e-05,1.0
16900,0.001,2.5994119417296114e-08,1.0,9.501424192560701e-05,0.9998881306633852
17000,0.001,2.600053835120143e-08,1.0,9.191711056624634e-05,1.0
17100,0.001,2.6059798933902855e-08,1.0,8.751680918061942e-05,1.0
17200,0.001,2.600746266635008e-08,1.0,8.654172503082238e-05,1.0
17300,0.001,2.6012042265550178e-08,1.0,8.616034406768153e-05,1.0
17400,0.001,2.6026071329726855e-08,1.0,9.296587548436276e-05,1.0
17500,0.001,2.6042781926546845e-08,1.0,8.176841408733892e-05,1.0
17600,0.001,2.602335364834554e-08,1.0,8.336196823126482e-05,1.0
17700,0.001,2.5972175370599886e-08,1.0,8.966546174571401e-05,1.0
17800,0.001,2.603551326390887e-08,1.0,8.019243567905881e-05,1.0
17900,0.001,2.596236298649638e-08,1.0,8.894468771719489e-05,1.0
18000,0.001,2.598738598160532e-08,1.0,8.830678393990043e-05,1.0
18100,0.001,2.6005631965181566e-08,1.0,8.593357741536008e-05,1.0
18200,0.001,2.5994454215641102e-08,1.0,8.717211188931693e-05,1.0
18300,0.001,2.6000353561436378e-08,1.0,8.658507011325793e-05,1.0
18400,0.001,2.5973660161965027e-08,1.0,8.75210599604191e-05,1.0
18500,0.001,2.596159343644856e-08,1.0,9.01873324233422e-05,1.0
18600,0.001,2.6041155049277354e-08,1.0,9.639973112915011e-05,0.9998881306633852
18700,0.001,2.6053295867900888e-08,1.0,8.434676722039516e-05,1.0
18800,0.001,2.610316820924748e-08,1.0,9.511883802657247e-05,0.9998881306633852
18900,0.001,2.6007210347766856e-08,1.0,9.381429339810905e-05,1.0
19000,0.001,2.6053140035233977e-08,1.0,9.343054119947315e-05,1.0
19100,0.001,0.002837992539747213,1.0,0.007308759456166438,0.9997762613267703
19200,0.001,0.010045660587427561,1.0,0.016488338516290744,1.0
19300,0.001,0.0036945704004548744,1.0,0.007815815512287178,1.0
19400,0.001,0.001212861061823462,1.0,0.003771112510078071,1.0
19500,0.001,0.0003957653257537159,1.0,0.0019690318230819637,1.0
19600,0.001,0.00012968363151304277,1.0,0.001106458920198725,1.0
19700,0.001,4.2898648167208594e-05,1.0,0.0007009277884342793,1.0
19800,0.001,1.4359990956921886e-05,1.0,0.00048506382540385896,1.0
19900,0.001,4.8710926149177445e-06,1.0,0.0003701621107733408,1.0
20000,0.001,1.6847230677359123e-06,1.0,0.00030608346732941054,1.0
20100,0.001,6.089136943846836e-07,1.0,0.0002557712440554691,1.0
20200,0.001,2.3896313181222624e-07,1.0,0.00024198792049905227,1.0
20300,0.001,1.0619801112723503e-07,1.0,0.00024910741517552844,1.0
20400,0.001,5.605764967092708e-08,1.0,0.00027626539420619106,0.9998881306633852
20500,0.001,3.629893587988001e-08,1.0,0.0002791131988998646,0.9998881306633852
20600,0.001,2.849737777063977e-08,1.0,0.0002534218709790807,0.9998881306633852
20700,0.001,2.5785117625420792e-08,1.0,0.0002217191653838875,0.9998881306633852
20800,0.001,2.522091987129115e-08,1.0,0.0001997629802027626,1.0
20900,0.001,2.539567645580083e-08,1.0,0.0001892188323467861,1.0
21000,0.001,2.5720026474368533e-08,1.0,0.0001843287100388736,1.0
21100,0.001,2.5946831698282973e-08,1.0,0.00016423899672539992,1.0
21200,0.001,2.612450240741089e-08,1.0,0.00015040664528500234,1.0
21300,0.001,2.6240863634103988e-08,1.0,0.0001423096416303994,1.0
21400,0.001,2.632192157950607e-08,1.0,0.00014205433937821557,1.0
21500,0.001,2.638621068586912e-08,1.0,0.00013306863230702,1.0
21600,0.001,2.642165730262485e-08,1.0,0.00012744994358885572,1.0
21700,0.001,2.6406423104389536e-08,1.0,0.0001238265699728467,1.0
21800,0.001,2.6414892726870273e-08,1.0,0.00012112065783860516,1.0
21900,0.001,2.6457769476085363e-08,1.0,0.00011629169776114438,1.0
22000,0.001,2.644601145659931e-08,1.0,0.00011270386934613621,1.0
22100,0.001,2.645401105787276e-08,1.0,0.00010958318653499433,1.0
22200,0.001,2.640587972739864e-08,1.0,0.00010514293366068516,1.0
22300,0.001,2.6453682002861788e-08,1.0,0.00010146053063461645,1.0
22400,0.001,2.6395613229980873e-08,1.0,0.00010219805867650338,1.0
22500,0.001,2.6393126680498055e-08,1.0,0.00010030290417023948,1.0
22600,0.001,2.6463535155604944e-08,1.0,9.914252375919515e-05,1.0
22700,0.001,2.6457083996501006e-08,1.0,0.00010047653382625733,1.0
22800,0.001,2.6396519254558716e-08,1.0,0.00010038207152175698,1.0
22900,0.001,2.6450180804426925e-08,1.0,9.941763107695098e-05,1.0
23000,0.001,2.63873636965632e-08,1.0,0.00010068276757150161,1.0
23100,0.001,2.636770248276366e-08,1.0,9.86812418806348e-05,1.0
23200,0.001,2.6360338387502576e-08,1.0,9.78426496381252e-05,1.0
23300,0.001,2.63622780958147e-08,1.0,9.841040458622905e-05,1.0
23400,0.001,2.6371139691842303e-08,1.0,9.142322693886513e-05,1.0
23500,0.001,2.6330974681142654e-08,1.0,9.132348303751357e-05,1.0
23600,0.001,2.6419792743371948e-08,1.0,9.40155920216755e-05,1.0
23700,0.001,2.6367543427191837e-08,1.0,9.097615455160283e-05,1.0
23800,0.001,2.6372197623610557e-08,1.0,9.68135035250916e-05,1.0
23900,0.001,2.6382122954365875e-08,1.0,9.466287911734772e-05,1.0
24000,0.001,2.678141217404828e-08,1.0,9.758744608344801e-05,1.0
24100,0.001,0.019610752254350296,1.0,0.03253991509794307,0.9998881306633852
24200,0.001,0.015050871195328955,1.0,0.025447408531261144,1.0
24300,0.001,0.005007356484407403,1.0,0.011029380195949715,1.0
24400,0.001,0.001644770519488901,1.0,0.005073830887907496,1.0
24500,0.001,0.0005392363126912863,1.0,0.0025603411869265687,1.0
24600,0.001,0.00017817043861590828,1.0,0.0014495436284634115,1.0
24700,0.001,5.951951633394798e-05,1.0,0.0009188505040278876,1.0
24800,0.001,2.0088006635026358e-05,1.0,0.0006475432547301379,1.0
24900,0.001,6.851966159926134e-06,1.0,0.0004892649664883257,1.0
25000,0.001,2.37184019382211e-06,1.0,0.00038959885886691206,1.0
25100,0.001,8.439071254745764e-07,1.0,0.0003247317687966538,1.0
25200,0.001,3.17380305703799e-07,1.0,0.00027873399907432064,1.0
25300,0.001,1.323971072835099e-07,1.0,0.0002510468972045503,1.0
25400,0.001,6.5160131448784e-08,1.0,0.00022737763177227378,1.0
25500,0.001,3.968096667835789e-08,1.0,0.0001919021954790081,1.0
25600,0.001,2.9893834135475266e-08,1.0,0.0001522820093504179,1.0
25700,0.001,2.642209864364958e-08,1.0,0.0001210669762045571,1.0
25800,0.001,2.551021975346395e-08,1.0,9.685269787828697e-05,1.0
25900,0.001,2.556518389686357e-08,1.0,8.42067559731896e-05,1.0
26000,0.001,2.5838079079969434e-08,1.0,7.596401146729756e-05,1.0
26100,0.001,2.605324371626772e-08,1.0,6.905071834998765e-05,1.0
26200,0.001,2.617537595824372e-08,1.0,6.313996151949887e-05,1.0
26300,0.001,2.6297563577816288e-08,1.0,5.791675070796689e-05,1.0
26400,0.001,2.637768318875919e-08,1.0,5.620144786118319e-05,1.0
26500,0.001,2.6362563506051277e-08,1.0,5.107442432996573e-05,1.0
26600,0.001,2.6354292161465102e-08,1.0,4.874344502192555e-05,1.0
26700,0.001,0.08453185003263292,0.9671018276762402,0.13234687927794406,0.9546929186709923
26800,0.001,0.012174201259690815,1.0,0.021326531159822148,0.9997762613267703
26900,0.001,0.006770555449731271,1.0,0.013459157909069475,1.0
27000,0.001,0.0023707208207449813,1.0,0.006447597884554793,1.0
27100,0.001,0.000800011378100971,1.0,0.003335973901466045,0.9998881306633852
27200,0.001,0.0002693101284467822,1.0,0.0019225626199848122,0.9998881306633852
27300,0.001,9.09184601354367e-05,1.0,0.0012197967072243852,0.9998881306633852
27400,0.001,3.0834480908244945e-05,1.0,0.0008382051166305604,0.9998881306633852
27500,0.001,1.0529422990809282e-05,1.0,0.000607863715445323,0.9998881306633852
27600,0.001,3.636584612186862e-06,1.0,0.0004587192780032833,0.9998881306633852
27700,0.001,1.280680169500467e-06,1.0,0.00035224620882345464,0.9998881306633852
27800,0.001,4.693886806645292e-07,1.0,0.0002688936570012101,1.0
27900,0.001,1.862816566437304e-07,1.0,0.0002175578376927804,1.0
28000,0.001,8.467065860895014e-08,1.0,0.0001719991752612224,1.0
28100,0.001,4.682300359475561e-08,1.0,0.00013444989175375656,1.0
28200,0.001,3.234312066019693e-08,1.0,0.00010515989613612497,1.0
28300,0.001,2.7065310346089682e-08,1.0,9.067414431937373e-05,1.0
28400,0.001,2.5647176473880624e-08,1.0,7.193993824715479e-05,1.0
28500,0.001,2.5510379732700738e-08,1.0,7.521082460286739e-05,1.0
28600,0.001,2.5751658823647745e-08,1.0,5.825682400990627e-05,1.0
28700,0.001,2.604783683891082e-08,1.0,5.864175602592211e-05,1.0
28800,0.001,2.6152828057782315e-08,1.0,4.826171942204115e-05,1.0
28900,0.001,2.6270057898192048e-08,1.0,4.61978380427759e-05,1.0
29000,0.001,2.632029267180074e-08,1.0,4.6654424780735886e-05,1.0
29100,0.001,0.00774690233730558,1.0,0.015475203998206706,0.9996643919901556
29200,0.001,0.010587602009022255,1.0,0.018778347971840196,1.0
29300,0.001,0.0038727363760931548,1.0,0.008751866858994777,1.0
29400,0.001,0.0013118891757334789,1.0,0.004080279014935257,1.0
29500,0.001,0.0004402882180548084,1.0,0.0020712119362047113,1.0
29600,0.001,0.00014813652908462,1.0,0.0011462432169677202,1.0
29700,0.001,5.009520731659492e-05,1.0,0.0006862747204216386,1.0
29800,0.001,1.7063913764960273e-05,1.0,0.00043417059003188744,1.0
29900,0.001,5.867966542813018e-06,1.0,0.0002899593637359634,1.0
30000,0.001,2.0458283085861554e-06,1.0,0.00020139913158630633,1.0
30100,0.001,7.351977182608157e-07,1.0,0.00014384280552441256,1.0
30200,0.001,2.792436653639856e-07,1.0,0.0001076710588782469,1.0
30300,0.001,1.1816139013535832e-07,1.0,8.23132951020055e-05,1.0
30400,0.001,5.944124268091767e-08,1.0,6.602419763147888e-05,1.0
30500,0.001,3.7551570427591086e-08,1.0,5.423817116190612e-05,1.0
30600,0.001,3.818392358565894e-08,1.0,6.558788384945323e-05,1.0
30700,0.001,0.019219190063912685,1.0,0.036867319680336665,0.9980982212775479
30800,0.001,0.013963140852887891,1.0,0.026270092431437072,0.9995525226535407
30900,0.001,0.005167030376250516,1.0,0.012030598323427396,0.9998881306633852
31000,0.001,0.001683261995999014,1.0,0.0056273201704280735,1.0
31100,0.001,0.0005394704291107285,1.0,0.0028552673253135095,1.0
31200,0.001,0.00017275409230895478,1.0,0.00157017314557785,1.0
31300,0.001,5.561931748663513e-05,1.0,0.0009387022137408579,1.0
31400,0.001,1.8048293801433446e-05,1.0,0.0005990002014574858,1.0
31500,0.001,5.928658647257407e-06,1.0,0.0003943987675798013,1.0
31600,0.001,1.98449466656809e-06,1.0,0.00026741961898386706,1.0
31700,0.001,6.89154224555514e-07,1.0,0.0001890244920893563,1.0
31800,0.001,2.5711237305352955e-07,1.0,0.00013809769153944737,1.0
31900,0.001,1.0911146953869753e-07,1.0,0.00011001164291470218,1.0
32000,0.001,5.599662219201329e-08,1.0,0.00010083015919500376,1.0
32100,0.001,3.590960392357111e-08,1.0,9.240249387646682e-05,1.0
32200,0.001,2.8244374840587177e-08,1.0,7.683935261828592e-05,1.0
32300,0.001,2.566656163495726e-08,1.0,5.823023495369486e-05,1.0
32400,0.001,2.515545868657949e-08,1.0,5.043189625635e-05,1.0
32500,0.001,2.5330534061926358e-08,1.0,4.957580212570835e-05,1.0
32600,0.001,2.5633140597618753e-08,1.0,4.965359895424911e-05,1.0
32700,0.001,2.5841564007753555e-08,1.0,5.1493407393214165e-05,1.0
32800,0.001,2.6108668030293034e-08,1.0,5.7406844538880485e-05,1.0
32900,0.001,2.6114173777897817e-08,1.0,5.81661280083313e-05,1.0
33000,0.001,0.10378798934211449,0.9631853785900784,0.18077176981664544,0.9354513927732409
33100,0.001,0.022761037045061296,1.0,0.03848409130683172,0.9997762613267703
33200,0.001,0.009025684369399031,1.0,0.01953166476580166,0.9996643919901556
33300,0.001,0.002953786081870268,1.0,0.008953241145762644,0.9997762613267703
33400,0.001,0.0009561152129975184,1.0,0.004367922409566764,0.9996643919901556
33500,0.001,0.00030838567866817217,1.0,0.002438903483857232,0.9997762613267703
33600,0.001,0.00010027662787524918,1.0,0.0015941077902915663,0.9997762613267703
33700,0.001,3.287003480549722e-05,1.0,0.0011875668631120178,0.9997762613267703
33800,0.001,1.088959592078459e-05,1.0,0.0009716509651846708,0.9998881306633852
33900,0.001,3.657417257043641e-06,1.0,0.0008727791264848623,0.9998881306633852
34000,0.001,1.2576290822473284e-06,1.0,0.0008282761743094588,0.9998881306633852
34100,0.001,4.524427414050358e-07,1.0,0.0008008134617275012,0.9998881306633852
34200,0.001,1.7793681282441308e-07,1.0,0.0007038086488242526,0.9998881306633852
34300,0.001,8.14056916367192e-08,1.0,0.0006312669659951068,0.9998881306633852
34400,0.001,4.584472421199e-08,1.0,0.0005023741146828624,0.9998881306633852
34500,0.001,3.2270742965539105e-08,1.0,0.00041102589185387545,0.9998881306633852
34600,0.001,2.7292705417912732e-08,1.0,0.0003661826899180646,0.9998881306633852
34700,0.001,2.5767146077266132e-08,1.0,0.0002696978864334531,0.9998881306633852
34800,0.001,2.587386986077882e-08,1.0,0.00022510991241155243,0.9998881306633852
34900,0.001,2.63767538685451e-08,1.0,0.0001458432388962116,1.0
35000,0.001,2.6415151588914374e-08,1.0,0.00010287506232113466,1.0
35100,0.001,0.00304819972482003,1.0,0.011116731293989926,0.9984338292873923
35200,0.001,0.010802124468159747,1.0,0.01942478006689539,0.9997762613267703
35300,0.001,0.004493797701435477,1.0,0.010020950444217294,1.0
35400,0.001,0.0015252551895172134,1.0,0.004732116772810761,1.0
35500,0.001,0.0005091777719383613,1.0,0.002441787190717696,1.0
35600,0.001,0.00017028598201647457,1.0,0.0013926223081485909,1.0
35700,0.001,5.72022001368785e-05,1.0,0.0008723763680626678,1.0
35800,0.001,1.9337182251244496e-05,1.0,0.0005951756836490191,1.0
35900,0.001,6.593453056211696e-06,1.0,0.00043201025885274916,1.0
36000,0.001,2.2801384511332783e-06,1.0,0.00033091232743467735,1.0
36100,0.001,8.103871259335962e-07,1.0,0.00026319690026523003,1.0
36200,0.001,3.0458712425879895e-07,1.0,0.00021134162236653627,1.0
36300,0.001,1.2704426634359523e-07,1.0,0.00018124103433821194,1.0
36400,0.001,6.272535473623523e-08,1.0,0.00015635410743478718,1.0
36500,0.001,3.845364477121797e-08,1.0,0.00013546355616140323,1.0
36600,0.001,0.10998410516377104,0.9587467362924281,0.21119295618489137,0.926613715180669
36700,0.001,0.022245191834970177,1.0,0.040176887633107776,0.9985456986240072
36800,0.001,0.011472103578010413,1.0,0.023405327053539874,0.9992169146436962
36900,0.001,0.004081125060025422,1.0,0.010720472125779541,0.9998881306633852
37000,0.001,0.0013261098986669273,1.0,0.005183745253037991,1.0
37100,0.001,0.00042862782646928304,1.0,0.0027832816072626276,1.0
37200,0.001,0.00013929110864010523,1.0,0.0016302373937200105,1.0
37300,0.001,4.564268883936854e-05,1.0,0.0010058657474129565,1.0
37400,0.001,1.5096284032263654e-05,1.0,0.0006519029098319644,1.0
37500,0.001,5.0507994761684895e-06,1.0,0.00043631249668711327,1.0
37600,0.001,1.722194342742822e-06,1.0,0.0002989077496055322,1.0
37700,0.001,6.086896939514303e-07,1.0,0.00021462823046372286,1.0
37800,0.001,2.3117912616359186e-07,1.0,0.00015454171228271212,1.0
37900,0.001,1.0010342141381626e-07,1.0,0.00011436619357377127,1.0
38000,0.001,5.266034713914536e-08,1.0,8.850244774756419e-05,1.0
38100,0.001,3.473560840319938e-08,1.0,6.860973915462582e-05,1.0
38200,0.001,2.8034173402371282e-08,1.0,5.0826326839378354e-05,1.0
38300,0.001,2.597497550422938e-08,1.0,4.463236919811735e-05,1.0
38400,0.001,0.010673421134665372,1.0,0.03718105411220585,0.9900436290412798
38500,0.001,0.017772303444831064,1.0,0.032523653366181224,0.9998881306633852
38600,0.001,0.00807030109457792,1.0,0.01739532885722256,1.0
38700,0.001,0.002735206348639415,1.0,0.00800255184873728,1.0
38800,0.001,0.0008918475423743669,1.0,0.003943649716147646,1.0
38900,0.001,0.0002907609626138202,1.0,0.0021655083162406283,1.0
39000,0.001,9.542635338569427e-05,1.0,0.0013162934586893986,1.0
39100,0.001,3.154676757652878e-05,1.0,0.0008510138862934387,1.0
39200,0.001,1.0526391312555024e-05,1.0,0.0005997693527012944,1.0
39300,0.001,3.5563740782054438e-06,1.0,0.0004484148012509951,1.0
39400,0.001,1.2277426617959289e-06,1.0,0.00035679628129057746,1.0
39500,0.001,4.425455696386928e-07,1.0,0.00029648890912292595,1.0
39600,0.001,1.7406578184640476e-07,1.0,0.0002641916111430665,1.0
39700,0.001,7.958805381454111e-08,1.0,0.0002452848459636169,1.0
39800,0.001,4.4899664891006825e-08,1.0,0.00022648516647727932,1.0
39900,0.001,3.1766528261555096e-08,1.0,0.00020750638477610384,1.0
40000,0.001,2.6980882828296162e-08,1.0,0.00016251452485712087,1.0
