step,seed3_share,seed3_test_acc,seed3_test_loss,seed4_share,seed4_test_acc,seed4_test_loss,seed5_share,seed5_test_acc,seed5_test_loss
0,0.16306888291706337,0.007942722899653205,4.7674709735218554,0.1606933467902922,0.008502069582727374,4.758213703626876,0.1645937528067648,0.009397024275646046,4.772789540532469
1000,0.23612132130964672,0.07349815415594585,23.397580257518154,0.24242832462067443,0.03948987582503636,23.61789096557153,0.20676657092265308,0.011186933661483387,26.917801342554494
2000,0.2715260882495247,0.08804116791587425,24.019975525209386,0.28456091422250906,0.059626356415706454,23.426373219866953,0.2279973968853997,0.015437968452847076,28.471006373120538
3000,0.30595226875866566,0.10840138717977403,21.447491752820145,0.3305078539801757,0.09139724801431928,19.346545765963675,0.24661118476846158,0.019800872580825597,26.64481127336483
4000,0.34503999739159386,0.136033113323638,18.356087061866518,0.3951458101361337,0.17876719991050452,13.050704793947993,0.2648608041496921,0.024723123391878286,24.944383048258295
5000,0.4010841266523065,0.20192415258977514,13.696440693281385,0.5112503483747975,0.5887683186038707,2.865914459184688,0.28422701323096716,0.03344893164783533,23.09639086422131
6000,0.49716555434301324,0.375097885669538,6.607443480149843,0.7781601086471266,0.9998881306633852,0.0005391478023319623,0.30524569565682813,0.04530708132900772,21.075544301566445
7000,0.6855392749034344,0.9692359324309207,0.10706342498153808,0.9465308297878537,1.0,4.88253693803259e-07,0.329412589618188,0.05895514039601745,19.017855332962878
8000,0.8804705203800829,1.0,2.4545749171953657e-05,0.9789278467289693,1.0,2.73767263615593e-07,0.3570624793841444,0.08088153037252489,16.676631185304647
9000,0.9625688698349145,1.0,2.943087944089481e-07,0.9877020933953482,1.0,2.1465011474679673e-07,0.39205569397194523,0.12618861170153262,13.660052109844944
10000,0.9830871893391646,1.0,2.3018336081496854e-07,0.9899837488610783,1.0,2.0809211038000403e-07,0.4478641618466097,0.2381698176529813,9.225980771468304
11000,0.9886591065404278,1.0,2.272115339281554e-07,0.990656969127617,1.0,2.1099779702955954e-07,0.5417705655762148,0.5311556102472312,3.5452014860475907
12000,0.9903016449131995,1.0,2.3003138261477557e-07,0.9909432805427538,1.0,2.1503791355479139e-07,0.7050614504571141,0.9488757131670209,0.1911680009254198
13000,0.9909204366565852,1.0,2.3449838982570386e-07,0.9911310624229294,1.0,2.1864796675454584e-07,0.9026169335385714,1.0,1.7278348789229052e-05
14000,0.9915813702961169,1.0,2.3899759031889335e-07,0.9912791794071866,1.0,2.2161579981809195e-07,0.9756589310583971,1.0,2.159172859963965e-07
15000,0.9918499110361996,1.0,2.408571038047352e-07,0.991457058473205,1.0,2.238896599983768e-07,0.9892505661971018,1.0,1.889776966092304e-07
16000,0.991945597930092,1.0,2.430151696399789e-07,0.9916306517611687,1.0,2.2569666682907028e-07,0.9917538661873669,1.0,1.9330100707995897e-07
17000,0.991974960915152,1.0,2.437381730314419e-07,0.991797257097529,1.0,2.2635327712972533e-07,0.9923710139468432,1.0,1.904306589803183e-07
18000,0.9919652589619963,1.0,2.4428926172896766e-07,0.9919601607916291,1.0,2.2563673190257983e-07,0.9923254427850074,1.0,1.8379025536669706e-07
19000,0.9919487761117858,1.0,2.444190621881529e-07,0.9921096163795401,1.0,2.2511555990500987e-07,0.9922054226108878,1.0,1.8093397657540223e-07
20000,0.9919454682222278,1.0,2.4332638555307563e-07,0.9922833822299095,1.0,2.2400761902496526e-07,0.9921958086688688,1.0,1.800475442514706e-07
21000,0.991958802654554,1.0,2.416057807583111e-07,0.992464646246564,1.0,2.2194735374231435e-07,0.9923413962052691,1.0,1.81389670877888e-07
22000,0.9920632650482369,1.0,2.398942098478446e-07,0.9926207828481088,1.0,2.2027693615670556e-07,0.992593373678885,1.0,1.8211981946673908e-07
23000,0.992164289588199,1.0,2.3798095431492e-07,0.9927972283255418,1.0,2.1727241808456732e-07,0.9923620293165907,1.0,1.828343770471789e-07
24000,0.9922553283435342,1.0,2.362871709686659e-07,0.9930021043221109,1.0,2.144187539298045e-07,0.9915362283944975,1.0,1.8845165373032775e-07
25000,0.992329638310492,1.0,2.3492023029396279e-07,0.9932051136832115,1.0,2.1210262029977507e-07,0.9905738230145344,1.0,1.9247715532802046e-07
26000,0.9923942919251506,1.0,2.3379603944947263e-07,0.9934010693950579,1.0,2.1057232892493752e-07,0.9903020425623295,1.0,1.9680041595649942e-07
27000,0.9924499188363168,1.0,2.3320747234847232e-07,0.9935771791526644,1.0,2.0915794594834257e-07,0.9903809442488548,1.0,1.978523461419765e-07
28000,0.9924859359474673,1.0,2.3340198930263026e-07,0.9937176570722294,1.0,2.0772135251117516e-07,0.9904204266988974,1.0,1.9594013786918962e-07
29000,0.9924951034336658,1.0,2.3354967813212414e-07,0.9938399721885034,1.0,2.0627940785201507e-07,0.9904507666575436,1.0,2.0036076014853033e-07
30000,0.9924963627721276,1.0,2.3389837663950043e-07,0.9939453338976839,1.0,2.0482325005284804e-07,0.9904271255523757,1.0,2.0210695768633232e-07
31000,0.992489648129057,1.0,2.3456115180667643e-07,0.9940654589852878,1.0,2.0356470767109693e-07,0.9903864352823679,1.0,2.0185554268722754e-07
32000,0.9924671511021484,1.0,2.3522369623973317e-07,0.9941885551881798,1.0,2.0223056249669462e-07,0.9903300032497633,1.0,2.0284265459329968e-07
33000,0.9924327568891615,1.0,2.3611041507497159e-07,0.9942821974182214,1.0,2.0115633075993312e-07,0.9902511387824159,1.0,2.0352775323418814e-07
34000,0.9923995646725674,1.0,2.3687797906277768e-07,0.9943555558751417,1.0,2.0058933523939385e-07,0.9901721272850671,1.0,2.0546660109518692e-07
35000,0.9923669135558518,1.0,2.3794600846714874e-07,0.9944136173851539,1.0,2.001585579498344e-07,0.9900756164034772,1.0,2.0476279674755517e-07
36000,0.9923307002053535,1.0,2.3858689231766215e-07,0.9944602177901952,1.0,1.9964303471834723e-07,0.9900132921369603,1.0,2.0517546964785166e-07
37000,0.9921300140276488,1.0,2.387367724434299e-07,0.9944975845193854,1.0,1.9937977678346165e-07,0.9899153262724147,1.0,2.0676862638655183e-07
38000,0.9907361589314031,1.0,2.442243031890107e-07,0.9945311678671398,1.0,1.9895924459855145e-07,0.9897981870007521,1.0,2.0689944379906253e-07
39000,0.9885567256689128,1.0,2.529077153056783e-07,0.9945610790415311,1.0,1.9849744095875912e-07,0.9897233704890019,1.0,2.0480078135567732e-07
40000,0.9871460449751903,1.0,2.595470569901825e-07,0.9945890798609317,1.0,1.9812331352982705e-07,0.9896389188288789,1.0,2.061448524799435e-07
